Day,,,0,0,14,14,14,14,14,14,14
,,,,,,,,,,,
Mouse,,,Unlabeled,Unlabeled,1,3,5,7,9,21,23
,,,,,,,,,,,
,,,,,,,,,,,
Body water enrichment,,,Unlabeled,Unlabeled,3.994,4.235,4.057,3.97,4.073,4.865,4.743
,,,,,,,,,,,
Protein,Peptide,Product Mz,Unlabeled_1,Unlabeled_2,1,3,5,7,9,21,23
Bsa,LVTDLTK,395.239461,7181468160,6023272448,3480594176,5885513728,3502582784,2764966656,3156675328,4628027392,3806502144
Bsa,LVTDLTK,395.740957,2938600960,2523711744,1457995648,2508054784,1463785984,1149514240,1297310976,1963674368,1610945536
Bsa,LVTDLTK,396.24226,778628608,697307072,373336928,637017792,366310144,285043552,318631712,506078560,412303360
Bsa,LVTDLTK,396.743533,135533600,121932336,66660492,114600408,77752744,51123412,66164360,96267216,79258520
Bsa,YLYEIAR,464.25036,6556218880,5843021312,3025939456,4680329216,3242947584,3352937984,4570068992,4809701376,3986120448
Bsa,YLYEIAR,464.75185,3416042240,3073230848,1562781568,2518384640,1661647104,1748541184,2477667328,2598181632,2124898688
Bsa,YLYEIAR,465.253206,1002674560,934827840,467176384,744739008,518832768,517330912,729760064,751371392,635265984
Bsa,YLYEIAR,465.754514,211628128,192422528,103277616,166006880,110748512,113473608,159510240,169276400,134700960
Bsa,LVNELTEFAK,582.318971,21958715392,15745755136,2698634240,3864193792,2807329536,2687624448,3464005888,4294923520,3759994880
Bsa,LVNELTEFAK,582.820465,14586991616,10031412224,1797270144,2519811328,1774740480,1720317184,2257939200,2681858048,2462165248
Bsa,LVNELTEFAK,583.321829,5324486656,3825443840,659565056,936641408,644636928,629514048,809879424,999952192,902200768
Bsa,LVNELTEFAK,583.823146,1404971136,1012339776,169435648,246854960,170929920,159180240,224495216,272375072,232441584
Atp5a1,FESAFLSHVVSQHQSLLGNIR,790.416869,360098560,772585472,230260944,209636288,215100384,247009536,219341088,367834848,246432080
Atp5a1,FESAFLSHVVSQHQSLLGNIR,790.751158,520213568,947080128,350244672,301559136,306471616,368746784,289927776,518205472,338968896
Atp5a1,FESAFLSHVVSQHQSLLGNIR,791.085411,338257504,694370112,283350272,245627216,246522400,297151904,236988288,412407200,286091680
Atp5a1,FESAFLSHVVSQHQSLLGNIR,791.41964,173122880,350127968,169891488,152659008,148721088,194202976,144345344,251515072,163485040
Atp5a1,HALIIYDDLSK,644.350802,1502681088,2154419456,674087744,670961088,766766336,886938816,734169344,998631872,726637248
Atp5a1,HALIIYDDLSK,644.852285,1078194304,1531634304,561100928,540330688,606791424,727917824,596068608,784180224,608018432
Atp5a1,HALIIYDDLSK,645.353658,419632832,582910144,265610704,274299136,293154464,360888096,263624336,353104224,296149824
Atp5a1,HALIIYDDLSK,645.854985,120050096,172058960,96096968,100898640,104532600,128217336,91448344,134211704,106256384
Atp5a1,TSIAIDTIINQK,658.874642,1982045568,2723312896,932645952,577344128,917195840,1260944640,873024768,1045570176,1028956224
Atp5a1,TSIAIDTIINQK,659.376106,1384549888,1885664640,726998656,461624800,701899456,1037796672,673590208,783179136,825669696
Atp5a1,TSIAIDTIINQK,659.877451,570182208,746868672,349444576,220992528,360172000,491564704,309396160,369788544,387400864
Atp5a1,TSIAIDTIINQK,660.378752,143232432,218862736,125449752,79035992,127614144,188385904,115707568,134762608,148644512
Atp5a1,TGTAEMSSILEER,712.340306,169550528,162570816,201514176,332974528,60459260,297424544,136929056,591116608,62896172
Atp5a1,TGTAEMSSILEER,712.841736,134346816,118214888,158910336,267572544,47191656,244128112,109737752,469258688,61183940
Atp5a1,TGTAEMSSILEER,713.342419,50352020,45451420,93181648,143708096,27956002,146175760,63210288,250672864,29042198
Atp5a1,TGTAEMSSILEER,713.843138,17108072,19482146,45542088,72913024,12136754,70514720,26379618,119989152,18054518
Atp5b,FLSQPFQVAEVFTGHMGK,675.008382,167760864,143874144,111983160,126016048,36228292,147026080,58530512,271963328,22242222
Atp5b,FLSQPFQVAEVFTGHMGK,675.34269,188366976,148271520,143430528,157043472,50784008,187922576,77741208,361455904,26075840
Atp5b,FLSQPFQVAEVFTGHMGK,675.676762,118943152,97220848,106055200,121153200,37370940,143921904,50264812,265183920,18851258
Atp5b,FLSQPFQVAEVFTGHMGK,676.010738,56362740,44898984,57615708,68244128,20310044,83878544,28662042,146828080,12168771
Atp5b,EGNDLYHEMIESGVINLK,687.670095,70585432,58937832,164558480,219675168,55900104,300119648,108038800,330507808,32201528
Atp5b,EGNDLYHEMIESGVINLK,688.004396,75152568,66825404,200585936,260971504,70230824,364604192,136494400,392806272,40445264
Atp5b,EGNDLYHEMIESGVINLK,688.33844,47396436,45311760,142436736,197521248,49797316,279546592,98739504,276804640,27598856
Atp5b,EGNDLYHEMIESGVINLK,688.672403,26284154,18482710,77931456,114165000,27510750,162032560,56601448,157723840,18120478
Atp5c1,VYGTGSLALYEK,650.84281,805865152,1189532416,598824512,406968768,693330112,651147328,661524672,646190784,620598080
Atp5c1,VYGTGSLALYEK,651.344311,633345664,838605568,471264416,316745376,555198144,541096448,511948608,501810528,489047072
Atp5c1,VYGTGSLALYEK,651.845695,238663984,338208192,221208592,164914384,262128496,256799856,244377952,229209712,223613312
Atp5c1,VYGTGSLALYEK,652.347029,108315712,117822472,89380272,63137952,99321344,109397800,89622816,89882984,92461488
Atp5c1,LTLTFNR,432.750527,191676096,309573184,221390096,188096752,257197760,361085600,247265168,300465856,247015616
Atp5c1,LTLTFNR,433.251972,86378912,145058112,104297824,94428504,125724784,176136672,121031288,147401808,118141016
Atp5c1,LTLTFNR,433.753284,18604960,35117108,28502562,23982220,34933080,46446364,27697628,34414908,28941094
Atp5c1,LTLTFNR,434.254555,3469763,6333903,3887804,3111377,5651831,10863705,5388132,6983914,6347658
Atp5c1,THSDQFLVSFK,436.890943,302276384,341914048,181272880,160201920,237658448,314359552,239206576,219298016,175129616
Atp5c1,THSDQFLVSFK,437.225256,221030448,246059488,142136576,133577880,198253200,252652736,175167024,174737840,146346896
Atp5c1,THSDQFLVSFK,437.5595,103557936,125494360,75049704,64747932,99302304,120975112,91996184,87018624,61322504
Atp5c1,THSDQFLVSFK,437.893714,28909294,45011892,27624324,23903674,35199220,44877532,29628672,26664600,27232150
Atp5d,AQSELSGAADEAAR,688.326044,314104416,429507936,236283056,195133664,287818432,266262000,176643584,379916160,355963840
Atp5d,AQSELSGAADEAAR,688.827448,210703520,275740032,161865760,147232944,225112128,202611520,132287736,271668960,246976384
Atp5d,AQSELSGAADEAAR,689.328726,79270248,95684000,75209944,68345752,104875768,86419008,57807620,122954464,113570184
Atp5d,AQSELSGAADEAAR,689.829972,23828746,28230396,37841272,35072656,46043880,48472640,32516344,57187988,55719064
Atp5d,IEANEALVK,493.779482,343350688,441736928,212861024,194344192,213560304,198591232,114956240,313569120,283547424
Atp5d,IEANEALVK,494.280952,162284176,225045968,126704192,119153440,123170160,120498728,66292688,178485392,149729216
Atp5d,IEANEALVK,494.782268,43085260,62783252,40277432,44305064,45482312,50078268,26138160,65234084,62040796
Atp5d,IEANEALVK,495.283547,11027193,12818156,11917822,12539260,12683841,16845526,3284402,20175048,15669440
Atp5e,FSQICAK,427.215463,104913256,134629408,86912392,32317988,78653512,82107912,63529028,90367664,101566016
Atp5e,FSQICAK,427.716887,45290452,77792288,39646300,16302985,49215040,43738304,36609048,35761192,53286380
Atp5e,FSQICAK,428.216932,19024060,26163232,16483630,3123968,14731689,15828752,9878769,12883837,18240038
Atp5e,FSQICAK,428.717403,1890331,1856003,1261719,1268454,1317183,2864575,0,2456354,619856
Atp5f1,PLPPLPEYGGK,584.324056,1399731200,1720174208,667781440,652385152,647324096,782406784,544847808,986368768,778987072
Atp5f1,PLPPLPEYGGK,584.825558,913873408,1162022656,452763456,484291104,482666848,587132864,402580064,723950400,559151872
Atp5f1,PLPPLPEYGGK,585.326951,358795840,407858848,198388800,201102608,209184112,254695200,155047072,287057824,224043536
Atp5f1,PLPPLPEYGGK,585.828294,88366368,118039344,56792000,64561712,62725136,78481016,48962988,81654176,75413288
Atp5f1,NNIALALEVTYR,688.880258,170368128,271734208,92514376,84540672,63096252,67885824,110655352,75952176,97547616
Atp5f1,NNIALALEVTYR,689.381706,120891664,210828656,68278520,62646128,51938604,58702156,77852072,67401304,74439368
Atp5f1,NNIALALEVTYR,689.883056,52855584,74803168,34159524,31535886,23621680,22812064,36119236,34680684,35703004
Atp5f1,NNIALALEVTYR,690.38436,12512363,26115958,15070783,5990995,9880024,12539532,9978590,15761617,12425482
Atp5h,LASLSEKPPAIDWAYYR,660.67903,521353120,769915968,93239680,65089188,76894440,107453328,70904968,134077232,100062424
Atp5h,LASLSEKPPAIDWAYYR,661.013351,623738304,852257536,110904864,78610248,89047040,126392888,84716072,165401072,123133736
Atp5h,LASLSEKPPAIDWAYYR,661.347627,309128000,446716160,79871488,48250964,60611512,99932896,62784048,116944472,85378128
Atp5h,LASLSEKPPAIDWAYYR,661.681874,141845680,240505424,34550464,25795948,30710966,48600528,35949056,51831632,42144128
Atp5h,SWNETFHTR,589.272886,74567800,129549400,74121240,34911328,63458984,75717912,57043056,147465760,93912056
Atp5h,SWNETFHTR,589.774304,40000336,77570368,50433376,20582266,43296952,53583736,43193656,108098440,69261096
Atp5h,SWNETFHTR,590.275618,15850066,28174366,20661524,7131161,21582098,20541558,19347542,40997660,21431292
Atp5h,SWNETFHTR,590.776891,5248341,8944179,2961664,1303260,7246664,3105978,6844214,11212709,4027010
Atp5h,NCAQFVTGSQAR,669.814592,44792060,83960168,35061912,23384780,30357606,40373084,35944136,48349840,46350808
Atp5h,NCAQFVTGSQAR,670.315958,34693540,50559440,25565926,18132968,25376686,30519960,23282644,39497756,37480384
Atp5h,NCAQFVTGSQAR,670.816569,19317928,22232016,15816500,9963683,9233845,11015274,11961374,20536016,18001688
Atp5h,NCAQFVTGSQAR,671.317198,1649309,4047829,6223355,2615013,4330765,7849186,5145577,12681483,6042711
Atp5i,VPPVQVSPLIK,588.871174,368136512,389644608,116019624,90526944,106783176,138846336,117500600,181843600,155810976
Atp5i,VPPVQVSPLIK,589.372663,241754400,267021104,81814304,74305928,77796152,100394600,84538728,124795840,120156952
Atp5i,VPPVQVSPLIK,589.874053,81586792,90107120,36178708,27841672,31041010,35600172,35517692,52658640,42218720
Atp5i,VPPVQVSPLIK,590.375395,15239531,19614078,8568586,5198655,8707957,10438531,8700194,6449955,9334082
Atp5i,ELAEAEDVSIFK,675.843007,311111072,283034560,133703688,101763208,133252040,204994256,117576960,132927840,131526136
Atp5i,ELAEAEDVSIFK,676.34451,233857280,215093536,89510280,82571592,92563992,147424624,86115328,100306384,97179144
Atp5i,ELAEAEDVSIFK,676.845879,97185616,91018232,46347556,37250408,44222060,71112856,44847308,46780904,44470808
Atp5i,ELAEAEDVSIFK,677.347202,21779870,23632756,20307742,16743513,20073406,28200570,16269089,17737082,19282396
Atp5j2,DFTPSGIAGAFR,619.811844,523498944,788260672,375223872,324219616,428619456,428324320,384397440,451055200,393679616
Atp5j2,DFTPSGIAGAFR,620.313298,338488448,527609056,291499200,257642080,326922592,344811552,293556672,340815360,299436032
Atp5j2,DFTPSGIAGAFR,620.814646,133074720,212894512,142498560,112569080,149003856,153237952,125767864,157399632,146715840
Atp5j2,DFTPSGIAGAFR,621.315951,30627760,55861956,44556924,42549804,53511948,52900632,43626608,51189940,53669212
Atp5j2,ELPSWILMR,572.812801,24414172,24645490,62359748,94206280,22447894,107839064,49023272,136565504,14201067
Atp5j2,ELPSWILMR,573.314255,16894044,15593947,43603888,63484112,15450979,82251712,36370152,96836320,10593014
Atp5j2,ELPSWILMR,573.81484,6553575,6652826,20522754,32117790,6593616,35803676,14681897,42130160,4356444
Atp5j2,ELPSWILMR,574.315423,2753939,3067644,6113221,8576994,1782131,12766840,5508245,13392902,1769620
Atp5l,LATFWHYAR,388.869814,319086112,343619904,96405800,86883816,106530112,164512336,97812864,135801072,129324088
Atp5l,LATFWHYAR,389.204116,198270960,212826576,73211272,77095608,85759152,122716184,70242504,114725536,97113560
Atp5l,LATFWHYAR,389.538367,88713424,78429872,30916514,27542538,31749778,50729684,30891018,43825812,37728032
Atp5l,LATFWHYAR,389.872589,13846576,21455720,10191154,9533538,8422520,16438181,10258877,18508594,10406860
Atp5o,LVRPPVQVYGIEGR,528.30698,1103985536,1626703360,249260336,167750624,237843264,223512704,190930752,385763936,368178912
Atp5o,LVRPPVQVYGIEGR,528.64127,1005680512,1455013504,220722496,126891904,183671824,153909104,146296160,329500352,321568416
Atp5o,LVRPPVQVYGIEGR,528.975513,476279616,705937664,118687192,78713480,103553272,95702640,73651168,174979360,182993056
Atp5o,LVRPPVQVYGIEGR,529.309728,155476832,252446048,61858260,32204560,75661568,50734512,47721236,67166944,106742408
